Workbook

Sheet Key
A1: Item | B1: Definition
A2: Reviewers | B2: ChatGPT; Opus 5; Gemini
A3: Join key | B3: Current term, exact string
A4: Row order | B4: Order shared by all three reviewers
A5: Source glossary | B5: Not supplied; order and spelling not verified against it
A6: Agree | B6: Count of reviewers sharing the most common value: 3, 2, or 1
A7: Outlier | B7: Reviewer who differs when Agree is 2; blank otherwise
A8: Term changes | B8: Count of reviewers whose Proposed term differs from Current term
A9: Match rule | B9: Exact, case-sensitive string match
A10: Evidence | B10: Shown per reviewer; not scored
A11: ChatGPT Evidence edit | B11: Citation markers removed; wording otherwise unchanged
A12: Alignment caveat | B12: On Rename rows, reviewers mix judging the current term and the proposed term
... A14: Sheets | B14: Key; Wide; Long; Summary; Flags

Sheet Wide
A1: # | B1: Current term | C1: Proposed ChatGPT | D1: Proposed Opus 5 | E1: Proposed Gemini | F1: Proposed agree | G1: Proposed outlier | H1: Action ChatGPT | I1: Action Opus 5 | J1: Action Gemini | K1: Action agree | L1: Action outlier | M1: Authority ChatGPT | N1: Authority Opus 5 | O1: Authority Gemini | P1: Authority agree | Q1: Authority outlier | R1: Alignment ChatGPT | S1: Alignment Opus 5 | T1: Alignment Gemini | U1: Alignment agree | V1: Alignment outlier | W1: Term changes | X1: Evidence ChatGPT | Y1: Evidence Opus 5 | Z1: Evidence Gemini
A2: 1 | B2: Organisation | C2: Tenant | D2: Organization | E2: Organisation | F2: =IF(AND(EXACT(C2,D2),EXACT(D2,E2)),3,IF(OR(EXACT(C2,D2),EXACT(C2,E2),EXACT(D2,E2)),2,1)) -> 1 | G2: =IF(F2=2,IF(EXACT(D2,E2),"ChatGPT",IF(EXACT(C2,E2),"Opus 5","Gemini")),"") | H2: Rename | I2: Rename | J2: Reclassify | K2: =IF(AND(EXACT(H2,I2),EXACT(I2,J2)),3,IF(OR(EXACT(H2,I2),EXACT(H2,J2),EXACT(I2,J2)),2,1)) -> 2 | L2: =IF(K2=2,IF(EXACT(I2,J2),"ChatGPT",IF(EXACT(H2,J2),"Opus 5","Gemini")),"") -> Gemini | M2: Industry convention | N2: Industry convention | O2: Industry convention | P2: =IF(AND(EXACT(M2,N2),EXACT(N2,O2)),3,IF(OR(EXACT(M2,N2),EXACT(M2,O2),EXACT(N2,O2)),2,1)) -> 3 | Q2: =IF(P2=2,IF(EXACT(N2,O2),"ChatGPT",IF(EXACT(M2,O2),"Opus 5","Gemini")),"") | R2: More precise | S2: Misclassified | T2: Industry-aligned | U2: =IF(AND(EXACT(R2,S2),EXACT(S2,T2)),3,IF(OR(EXACT(R2,S2),EXACT(R2,T2),EXACT(S2,T2)),2,1)) -> 1 | V2: =IF(U2=2,IF(EXACT(S2,T2),"ChatGPT",IF(EXACT(R2,T2),"Opus 5","Gemini")),"") | W2: =3-EXACT(B2,C2)-EXACT(B2,D2)-EXACT(B2,E2) -> 2 | X2: CNCF Cloud Native Glossary: Multitenancy | Y2: GitHub Organizations; Google Cloud resource hierarchy | Z2: OIDC; OpenAPI; Auth0 API
A3: 2 | B3: Project | C3: Project | D3: Project | E3: Project | F3: =IF(AND(EXACT(C3,D3),EXACT(D3,E3)),3,IF(OR(EXACT(C3,D3),EXACT(C3,E3),EXACT(D3,E3)),2,1)) -> 3 | G3: =IF(F3=2,IF(EXACT(D3,E3),"ChatGPT",IF(EXACT(C3,E3),"Opus 5","Gemini")),"") | H3: Reclassify | I3: Reclassify | J3: Reclassify | K3: =IF(AND(EXACT(H3,I3),EXACT(I3,J3)),3,IF(OR(EXACT(H3,I3),EXACT(H3,J3),EXACT(I3,J3)),2,1)) -> 3 | L3: =IF(K3=2,IF(EXACT(I3,J3),"ChatGPT",IF(EXACT(H3,J3),"Opus 5","Gemini")),"") | M3: Industry convention | N3: Industry convention | O3: Industry convention | P3: =IF(AND(EXACT(M3,N3),EXACT(N3,O3)),3,IF(OR(EXACT(M3,N3),EXACT(M3,O3),EXACT(N3,O3)),2,1)) -> 3 | Q3: =IF(P3=2,IF(EXACT(N3,O3),"ChatGPT",IF(EXACT(M3,O3),"Opus 5","Gemini")),"") | R3: Industry-aligned | S3: Mature convention | T3: Industry-aligned | U3: =IF(AND(EXACT(R3,S3),EXACT(S3,T3)),3,IF(OR(EXACT(R3,S3),EXACT(R3,T3),EXACT(S3,T3)),2,1)) -> 2 | V3: =IF(U3=2,IF(EXACT(S3,T3),"ChatGPT",IF(EXACT(R3,T3),"Opus 5","Gemini")),"") -> Opus 5 | W3: =3-EXACT(B3,C3)-EXACT(B3,D3)-EXACT(B3,E3) -> 0 | X3: Cloud/SaaS project convention | Y3: Google Cloud; GitLab; Vercel | Z3: Google Cloud Platform; Vercel
A4: 3 | B4: Principal | C4: Principal | D4: Principal | E4: Principal | F4: =IF(AND(EXACT(C4,D4),EXACT(D4,E4)),3,IF(OR(EXACT(C4,D4),EXACT(C4,E4),EXACT(D4,E4)),2,1)) -> 3 | G4: =IF(F4=2,IF(EXACT(D4,E4),"ChatGPT",IF(EXACT(C4,E4),"Opus 5","Gemini")),"") | H4: Reclassify | I4: Reclassify | J4: Keep | K4: =IF(AND(EXACT(H4,I4),EXACT(I4,J4)),3,IF(OR(EXACT(H4,I4),EXACT(H4,J4),EXACT(I4,J4)),2,1)) -> 2 | L4: =IF(K4=2,IF(EXACT(I4,J4),"ChatGPT",IF(EXACT(H4,J4),"Opus 5","Gemini")),"") -> Gemini | M4: Standard-derived | N4: Standard-derived | O4: Standard | P4: =IF(AND(EXACT(M4,N4),EXACT(N4,O4)),3,IF(OR(EXACT(M4,N4),EXACT(M4,O4),EXACT(N4,O4)),2,1)) -> 2 | Q4: =IF(P4=2,IF(EXACT(N4,O4),"ChatGPT",IF(EXACT(M4,O4),"Opus 5","Gemini")),"") -> Gemini | R4: Standards-aligned | S4: Misclassified | T4: Standards-native | U4: =IF(AND(EXACT(R4,S4),EXACT(S4,T4)),3,IF(OR(EXACT(R4,S4),EXACT(R4,T4),EXACT(S4,T4)),2,1)) -> 1 | V4: =IF(U4=2,IF(EXACT(S4,T4),"ChatGPT",IF(EXACT(R4,T4),"Opus 5","Gemini")),"") | W4: =3-EXACT(B4,C4)-EXACT(B4,D4)-EXACT(B4,E4) -> 0 | X4: OIDC Core; RFC 8693 | Y4: RFC 4120; RFC 8693 | Z4: RFC 8693; OIDC Core 1.0
A5: 4 | B5: Delegation chain | C5: Delegation chain | D5: Delegation chain | E5: Delegation chain | F5: =IF(AND(EXACT(C5,D5),EXACT(D5,E5)),3,IF(OR(EXACT(C5,D5),EXACT(C5,E5),EXACT(D5,E5)),2,1)) -> 3 | G5: =IF(F5=2,IF(EXACT(D5,E5),"ChatGPT",IF(EXACT(C5,E5),"Opus 5","Gemini")),"") | H5: Reclassify | I5: Clarify | J5: Keep | K5: =IF(AND(EXACT(H5,I5),EXACT(I5,J5)),3,IF(OR(EXACT(H5,I5),EXACT(H5,J5),EXACT(I5,J5)),2,1)) -> 1 | L5: =IF(K5=2,IF(EXACT(I5,J5),"ChatGPT",IF(EXACT(H5,J5),"Opus 5","Gemini")),"") | M5: Standard-derived | N5: Standard-derived | O5: Standard | P5: =IF(AND(EXACT(M5,N5),EXACT(N5,O5)),3,IF(OR(EXACT(M5,N5),EXACT(M5,O5),EXACT(N5,O5)),2,1)) -> 2 | Q5: =IF(P5=2,IF(EXACT(N5,O5),"ChatGPT",IF(EXACT(M5,O5),"Opus 5","Gemini")),"") -> Gemini | R5: Standards-aligned | S5: Conflicts with standard | T5: Standards-native | U5: =IF(AND(EXACT(R5,S5),EXACT(S5,T5)),3,IF(OR(EXACT(R5,S5),EXACT(R5,T5),EXACT(S5,T5)),2,1)) -> 1 | V5: =IF(U5=2,IF(EXACT(S5,T5),"ChatGPT",IF(EXACT(R5,T5),"Opus 5","Gemini")),"") | W5: =3-EXACT(B5,C5)-EXACT(B5,D5)-EXACT(B5,E5) -> 0 | X5: RFC 8693 `act` claim | Y5: RFC 8693 | Z5: RFC 8693 OAuth 2.0 Token Exchange
A6: 5 | B6: Operator | C6: Operator | D6: User | E6: Human Operator | F6: =IF(AND(EXACT(C6,D6),EXACT(D6,E6)),3,IF(OR(EXACT(C6,D6),EXACT(C6,E6),EXACT(D6,E6)),2,1)) -> 1 | G6: =IF(F6=2,IF(EXACT(D6,E6),"ChatGPT",IF(EXACT(C6,E6),"Opus 5","Gemini")),"") | H6: Keep | I6: Rename | J6: Rename | K6: =IF(AND(EXACT(H6,I6),EXACT(I6,J6)),3,IF(OR(EXACT(H6,I6),EXACT(H6,J6),EXACT(I6,J6)),2,1)) -> 2 | L6: =IF(K6=2,IF(EXACT(I6,J6),"ChatGPT",IF(EXACT(H6,J6),"Opus 5","Gemini")),"") -> ChatGPT | M6: Internal | N6: Industry convention | O6: Industry convention | P6: =IF(AND(EXACT(M6,N6),EXACT(N6,O6)),3,IF(OR(EXACT(M6,N6),EXACT(M6,O6),EXACT(N6,O6)),2,1)) -> 2 | Q6: =IF(P6=2,IF(EXACT(N6,O6),"ChatGPT",IF(EXACT(M6,O6),"Opus 5","Gemini")),"") -> ChatGPT | R6: Internal but clear | S6: Overloaded | T6: Overloaded | U6: =IF(AND(EXACT(R6,S6),EXACT(S6,T6)),3,IF(OR(EXACT(R6,S6),EXACT(R6,T6),EXACT(S6,T6)),2,1)) -> 2 | V6: =IF(U6=2,IF(EXACT(S6,T6),"ChatGPT",IF(EXACT(R6,T6),"Opus 5","Gemini")),"") -> ChatGPT | W6: =3-EXACT(B6,C6)-EXACT(B6,D6)-EXACT(B6,E6) -> 2 | X6: Internal semantics | Y6: A2A; ACP | Z6: Kubernetes Operator Pattern; RFC 7519
A7: 6 | B7: Role | C7: Role | D7: Role | E7: Role | F7: =IF(AND(EXACT(C7,D7),EXACT(D7,E7)),3,IF(OR(EXACT(C7,D7),EXACT(C7,E7),EXACT(D7,E7)),2,1)) -> 3 | G7: =IF(F7=2,IF(EXACT(D7,E7),"ChatGPT",IF(EXACT(C7,E7),"Opus 5","Gemini")),"") | H7: Keep | I7: Keep | J7: Keep | K7: =IF(AND(EXACT(H7,I7),EXACT(I7,J7)),3,IF(OR(EXACT(H7,I7),EXACT(H7,J7),EXACT(I7,J7)),2,1)) -> 3 | L7: =IF(K7=2,IF(EXACT(I7,J7),"ChatGPT",IF(EXACT(H7,J7),"Opus 5","Gemini")),"") | M7: Standard | N7: Standard | O7: Standard | P7: =IF(AND(EXACT(M7,N7),EXACT(N7,O7)),3,IF(OR(EXACT(M7,N7),EXACT(M7,O7),EXACT(N7,O7)),2,1)) -> 3 | Q7: =IF(P7=2,IF(EXACT(N7,O7),"ChatGPT",IF(EXACT(M7,O7),"Opus 5","Gemini")),"") | R7: Standards-native | S7: Standards-native | T7: Standards-native | U7: =IF(AND(EXACT(R7,S7),EXACT(S7,T7)),3,IF(OR(EXACT(R7,S7),EXACT(R7,T7),EXACT(S7,T7)),2,1)) -> 3 | V7: =IF(U7=2,IF(EXACT(S7,T7),"ChatGPT",IF(EXACT(R7,T7),"Opus 5","Gemini")),"") | W7: =3-EXACT(B7,C7)-EXACT(B7,D7)-EXACT(B7,E7) -> 0 | X7: ANSI/INCITS 359 RBAC; NIST RBAC | Y7: ANSI INCITS 359 | Z7: NIST RBAC Model; ANSI/INCITS 359-2004
A8: 7 | B8: Token exchange | C8: Token exchange | D8: Token exchange | E8: Token exchange | F8: =IF(AND(EXACT(C8,D8),EXACT(D8,E8)),3,IF(OR(EXACT(C8,D8),EXACT(C8,E8),EXACT(D8,E8)),2,1)) -> 3 | G8: =IF(F8=2,IF(EXACT(D8,E8),"ChatGPT",IF(EXACT(C8,E8),"Opus 5","Gemini")),"") | H8: Keep | I8: Keep | J8: Keep | K8: =IF(AND(EXACT(H8,I8),EXACT(I8,J8)),3,IF(OR(EXACT(H8,I8),EXACT(H8,J8),EXACT(I8,J8)),2,1)) -> 3 | L8: =IF(K8=2,IF(EXACT(I8,J8),"ChatGPT",IF(EXACT(H8,J8),"Opus 5","Gemini")),"") | M8: Standard | N8: Standard | O8: Standard | P8: =IF(AND(EXACT(M8,N8),EXACT(N8,O8)),3,IF(OR(EXACT(M8,N8),EXACT(M8,O8),EXACT(N8,O8)),2,1)) -> 3 | Q8: =IF(P8=2,IF(EXACT(N8,O8),"ChatGPT",IF(EXACT(M8,O8),"Opus 5","Gemini")),"") | R8: Standards-native | S8: Standards-native | T8: Standards-native | U8: =IF(AND(EXACT(R8,S8),EXACT(S8,T8)),3,IF(OR(EXACT(R8,S8),EXACT(R8,T8),EXACT(S8,T8)),2,1)) -> 3 | V8: =IF(U8=2,IF(EXACT(S8,T8),"ChatGPT",IF(EXACT(R8,T8),"Opus 5","Gemini")),"") | W8: =3-EXACT(B8,C8)-EXACT(B8,D8)-EXACT(B8,E8) -> 0 | X8: RFC 8693 OAuth 2.0 Token Exchange | Y8: RFC 8693 | Z8: RFC 8693 OAuth 2.0 Token Exchange
A9: 8 | B9: Workload identity | C9: Workload identity | D9: Workload identity | E9: Workload identity | F9: =IF(AND(EXACT(C9,D9),EXACT(D9,E9)),3,IF(OR(EXACT(C9,D9),EXACT(C9,E9),EXACT(D9,E9)),2,1)) -> 3 | G9: =IF(F9=2,IF(EXACT(D9,E9),"ChatGPT",IF(EXACT(C9,E9),"Opus 5","Gemini")),"") | H9: Reclassify | I9: Keep | J9: Keep | K9: =IF(AND(EXACT(H9,I9),EXACT(I9,J9)),3,IF(OR(EXACT(H9,I9),EXACT(H9,J9),EXACT(I9,J9)),2,1)) -> 2 | L9: =IF(K9=2,IF(EXACT(I9,J9),"ChatGPT",IF(EXACT(H9,J9),"Opus 5","Gemini")),"") -> ChatGPT | M9: Standard-derived | N9: Standard | O9: Standard | P9: =IF(AND(EXACT(M9,N9),EXACT(N9,O9)),3,IF(OR(EXACT(M9,N9),EXACT(M9,O9),EXACT(N9,O9)),2,1)) -> 2 | Q9: =IF(P9=2,IF(EXACT(N9,O9),"ChatGPT",IF(EXACT(M9,O9),"Opus 5","Gemini")),"") -> ChatGPT | R9: Standards-aligned | S9: Standards-native | T9: Standards-native | U9: =IF(AND(EXACT(R9,S9),EXACT(S9,T9)),3,IF(OR(EXACT(R9,S9),EXACT(R9,T9),EXACT(S9,T9)),2,1)) -> 2 | V9: =IF(U9=2,IF(EXACT(S9,T9),"ChatGPT",IF(EXACT(R9,T9),"Opus 5","Gemini")),"") -> ChatGPT | W9: =3-EXACT(B9,C9)-EXACT(B9,D9)-EXACT(B9,E9) -> 0 | X9: SPIFFE ID; SVID; Workload API | Y9: SPIFFE | Z9: SPIFFE; SPIRE
A10: 9 | B10: Secret handle | C10: Secret reference | D10: Secret reference | E10: Secret reference | F10: =IF(AND(EXACT(C10,D10),EXACT(D10,E10)),3,IF(OR(EXACT(C10,D10),EXACT(C10,E10),EXACT(D10,E10)),2,1)) -> 3 | G10: =IF(F10=2,IF(EXACT(D10,E10),"ChatGPT",IF(EXACT(C10,E10),"Opus 5","Gemini")),"") | H10: Rename | I10: Rename | J10: Rename | K10: =IF(AND(EXACT(H10,I10),EXACT(I10,J10)),3,IF(OR(EXACT(H10,I10),EXACT(H10,J10),EXACT(I10,J10)),2,1)) -> 3 | L10: =IF(K10=2,IF(EXACT(I10,J10),"ChatGPT",IF(EXACT(H10,J10),"Opus 5","Gemini")),"") | M10: Industry convention | N10: Industry convention | O10: Industry convention | P10: =IF(AND(EXACT(M10,N10),EXACT(N10,O10)),3,IF(OR(EXACT(M10,N10),EXACT(M10,O10),EXACT(N10,O10)),2,1)) -> 3 | Q10: =IF(P10=2,IF(EXACT(N10,O10),"ChatGPT",IF(EXACT(M10,O10),"Opus 5","Gemini")),"") | R10: More precise | S10: Industry-aligned | T10: Industry-aligned | U10: =IF(AND(EXACT(R10,S10),EXACT(S10,T10)),3,IF(OR(EXACT(R10,S10),EXACT(R10,T10),EXACT(S10,T10)),2,1)) -> 2 | V10: =IF(U10=2,IF(EXACT(S10,T10),"ChatGPT",IF(EXACT(R10,T10),"Opus 5","Gemini")),"") -> ChatGPT | W10: =3-EXACT(B10,C10)-EXACT(B10,D10)-EXACT(B10,E10) -> 3 | X10: Vault/KMS secret-reference conventions | Y10: Kubernetes secretKeyRef | Z10: HashiCorp Vault; Kubernetes Secrets Spec
A11: 10 | B11: Binding | C11: Integration binding | D11: Binding | E11: Binding | F11: =IF(AND(EXACT(C11,D11),EXACT(D11,E11)),3,IF(OR(EXACT(C11,D11),EXACT(C11,E11),EXACT(D11,E11)),2,1)) -> 2 | G11: =IF(F11=2,IF(EXACT(D11,E11),"ChatGPT",IF(EXACT(C11,E11),"Opus 5","Gemini")),"") -> ChatGPT | H11: Rename | I11: Clarify | J11: Keep | K11: =IF(AND(EXACT(H11,I11),EXACT(I11,J11)),3,IF(OR(EXACT(H11,I11),EXACT(H11,J11),EXACT(I11,J11)),2,1)) -> 1 | L11: =IF(K11=2,IF(EXACT(I11,J11),"ChatGPT",IF(EXACT(H11,J11),"Opus 5","Gemini")),"") | M11: Internal | N11: Internal | O11: Internal | P11: =IF(AND(EXACT(M11,N11),EXACT(N11,O11)),3,IF(OR(EXACT(M11,N11),EXACT(M11,O11),EXACT(N11,O11)),2,1)) -> 3 | Q11: =IF(P11=2,IF(EXACT(N11,O11),"ChatGPT",IF(EXACT(M11,O11),"Opus 5","Gemini")),"") | R11: More precise | S11: Overloaded | T11: Internal but clear | U11: =IF(AND(EXACT(R11,S11),EXACT(S11,T11)),3,IF(OR(EXACT(R11,S11),EXACT(R11,T11),EXACT(S11,T11)),2,1)) -> 1 | V11: =IF(U11=2,IF(EXACT(S11,T11),"ChatGPT",IF(EXACT(R11,T11),"Opus 5","Gemini")),"") | W11: =3-EXACT(B11,C11)-EXACT(B11,D11)-EXACT(B11,E11) -> 1 | X11: Internal semantics | Y11: Kubernetes RoleBinding; CloudEvents protocol bindings | Z11: Internal semantics
A12: 11 | B12: Conformance | C12: Binding verification | D12: Conformance suite | E12: Conformance | F12: =IF(AND(EXACT(C12,D12),EXACT(D12,E12)),3,IF(OR(EXACT(C12,D12),EXACT(C12,E12),EXACT(D12,E12)),2,1)) -> 1 | G12: =IF(F12=2,IF(EXACT(D12,E12),"ChatGPT",IF(EXACT(C12,E12),"Opus 5","Gemini")),"") | H12: Rename | I12: Rename | J12: Keep | K12: =IF(AND(EXACT(H12,I12),EXACT(I12,J12)),3,IF(OR(EXACT(H12,I12),EXACT(H12,J12),EXACT(I12,J12)),2,1)) -> 2 | L12: =IF(K12=2,IF(EXACT(I12,J12),"ChatGPT",IF(EXACT(H12,J12),"Opus 5","Gemini")),"") -> Gemini | M12: Best practice | N12: Industry convention | O12: Best practice | P12: =IF(AND(EXACT(M12,N12),EXACT(N12,O12)),3,IF(OR(EXACT(M12,N12),EXACT(M12,O12),EXACT(N12,O12)),2,1)) -> 2 | Q12: =IF(P12=2,IF(EXACT(N12,O12),"ChatGPT",IF(EXACT(M12,O12),"Opus 5","Gemini")),"") -> Opus 5 | R12: More precise | S12: More precise | T12: Mature convention | U12: =IF(AND(EXACT(R12,S12),EXACT(S12,T12)),3,IF(OR(EXACT(R12,S12),EXACT(R12,T12),EXACT(S12,T12)),2,1)) -> 2 | V12: =IF(U12=2,IF(EXACT(S12,T12),"ChatGPT",IF(EXACT(R12,T12),"Opus 5","Gemini")),"") -> Gemini | W12: =3-EXACT(B12,C12)-EXACT(B12,D12)-EXACT(B12,E12) -> 2 | X12: Conformance/verification practice; internal activation semantics | Y12: Kubernetes Conformance; OCI Distribution conformance | Z12: ISO/IEC IEEE 24765; OpenAPI Conformance
A13: 12 | B13: Client | C13: Client | D13: API client | E13: Client | F13: =IF(AND(EXACT(C13,D13),EXACT(D13,E13)),3,IF(OR(EXACT(C13,D13),EXACT(C13,E13),EXACT(D13,E13)),2,1)) -> 2 | G13: =IF(F13=2,IF(EXACT(D13,E13),"ChatGPT",IF(EXACT(C13,E13),"Opus 5","Gemini")),"") -> Opus 5 | H13: Keep | I13: Rename | J13: Keep | K13: =IF(AND(EXACT(H13,I13),EXACT(I13,J13)),3,IF(OR(EXACT(H13,I13),EXACT(H13,J13),EXACT(I13,J13)),2,1)) -> 2 | L13: =IF(K13=2,IF(EXACT(I13,J13),"ChatGPT",IF(EXACT(H13,J13),"Opus 5","Gemini")),"") -> Opus 5 | M13: Standard | N13: Standard-derived | O13: Standard | P13: =IF(AND(EXACT(M13,N13),EXACT(N13,O13)),3,IF(OR(EXACT(M13,N13),EXACT(M13,O13),EXACT(N13,O13)),2,1)) -> 2 | Q13: =IF(P13=2,IF(EXACT(N13,O13),"ChatGPT",IF(EXACT(M13,O13),"Opus 5","Gemini")),"") -> Opus 5 | R13: Standards-native | S13: Ambiguous | T13: Standards-native | U13: =IF(AND(EXACT(R13,S13),EXACT(S13,T13)),3,IF(OR(EXACT(R13,S13),EXACT(R13,T13),EXACT(S13,T13)),2,1)) -> 2 | V13: =IF(U13=2,IF(EXACT(S13,T13),"ChatGPT",IF(EXACT(R13,T13),"Opus 5","Gemini")),"") -> Opus 5 | W13: =3-EXACT(B13,C13)-EXACT(B13,D13)-EXACT(B13,E13) -> 1 | X13: ACP Client | Y13: RFC 6749; ACP | Z13: ACP; RFC 6749
... A92: 91 | B92: Money | C92: Money | D92: Money | E92: Money | F92: =IF(AND(EXACT(C92,D92),EXACT(D92,E92)),3,IF(OR(EXACT(C92,D92),EXACT(C92,E92),EXACT(D92,E92)),2,1)) -> 3 | G92: =IF(F92=2,IF(EXACT(D92,E92),"ChatGPT",IF(EXACT(C92,E92),"Opus 5","Gemini")),"") | H92: Keep | I92: Reclassify | J92: Keep | K92: =IF(AND(EXACT(H92,I92),EXACT(I92,J92)),3,IF(OR(EXACT(H92,I92),EXACT(H92,J92),EXACT(I92,J92)),2,1)) -> 2 | L92: =IF(K92=2,IF(EXACT(I92,J92),"ChatGPT",IF(EXACT(H92,J92),"Opus 5","Gemini")),"") -> Opus 5 | M92: Internal | N92: Standard-derived | O92: Internal | P92: =IF(AND(EXACT(M92,N92),EXACT(N92,O92)),3,IF(OR(EXACT(M92,N92),EXACT(M92,O92),EXACT(N92,O92)),2,1)) -> 2 | Q92: =IF(P92=2,IF(EXACT(N92,O92),"ChatGPT",IF(EXACT(M92,O92),"Opus 5","Gemini")),"") -> Opus 5 | R92: Internal but clear | S92: Standards-aligned | T92: Internal but clear | U92: =IF(AND(EXACT(R92,S92),EXACT(S92,T92)),3,IF(OR(EXACT(R92,S92),EXACT(R92,T92),EXACT(S92,T92)),2,1)) -> 2 | V92: =IF(U92=2,IF(EXACT(S92,T92),"ChatGPT",IF(EXACT(R92,T92),"Opus 5","Gemini")),"") -> Opus 5 | W92: =3-EXACT(B92,C92)-EXACT(B92,D92)-EXACT(B92,E92) -> 0 | X92: ISO 4217 supports USD currency semantics; decimal-string representation remains internal | Y92: ISO 4217 | Z92: Internal semantics

Sheet Long
A1: # | B1: Current term | C1: Reviewer | D1: Proposed term | E1: Action | F1: Authority | G1: Alignment | H1: Evidence | I1: Term changed
A2: 1 | B2: Organisation | C2: ChatGPT | D2: Tenant | E2: Rename | F2: Industry convention | G2: More precise | H2: CNCF Cloud Native Glossary: Multitenancy | I2: =IF(EXACT(B2,D2),"No","Yes") -> Yes
A3: 1 | B3: Organisation | C3: Opus 5 | D3: Organization | E3: Rename | F3: Industry convention | G3: Misclassified | H3: GitHub Organizations; Google Cloud resource hierarchy | I3: =IF(EXACT(B3,D3),"No","Yes") -> Yes
A4: 1 | B4: Organisation | C4: Gemini | D4: Organisation | E4: Reclassify | F4: Industry convention | G4: Industry-aligned | H4: OIDC; OpenAPI; Auth0 API | I4: =IF(EXACT(B4,D4),"No","Yes") -> No
A5: 2 | B5: Project | C5: ChatGPT | D5: Project | E5: Reclassify | F5: Industry convention | G5: Industry-aligned | H5: Cloud/SaaS project convention | I5: =IF(EXACT(B5,D5),"No","Yes") -> No
A6: 2 | B6: Project | C6: Opus 5 | D6: Project | E6: Reclassify | F6: Industry convention | G6: Mature convention | H6: Google Cloud; GitLab; Vercel | I6: =IF(EXACT(B6,D6),"No","Yes") -> No
A7: 2 | B7: Project | C7: Gemini | D7: Project | E7: Reclassify | F7: Industry convention | G7: Industry-aligned | H7: Google Cloud Platform; Vercel | I7: =IF(EXACT(B7,D7),"No","Yes") -> No
A8: 3 | B8: Principal | C8: ChatGPT | D8: Principal | E8: Reclassify | F8: Standard-derived | G8: Standards-aligned | H8: OIDC Core; RFC 8693 | I8: =IF(EXACT(B8,D8),"No","Yes") -> No
A9: 3 | B9: Principal | C9: Opus 5 | D9: Principal | E9: Reclassify | F9: Standard-derived | G9: Misclassified | H9: RFC 4120; RFC 8693 | I9: =IF(EXACT(B9,D9),"No","Yes") -> No
A10: 3 | B10: Principal | C10: Gemini | D10: Principal | E10: Keep | F10: Standard | G10: Standards-native | H10: RFC 8693; OIDC Core 1.0 | I10: =IF(EXACT(B10,D10),"No","Yes") -> No
A11: 4 | B11: Delegation chain | C11: ChatGPT | D11: Delegation chain | E11: Reclassify | F11: Standard-derived | G11: Standards-aligned | H11: RFC 8693 `act` claim | I11: =IF(EXACT(B11,D11),"No","Yes") -> No
A12: 4 | B12: Delegation chain | C12: Opus 5 | D12: Delegation chain | E12: Clarify | F12: Standard-derived | G12: Conflicts with standard | H12: RFC 8693 | I12: =IF(EXACT(B12,D12),"No","Yes") -> No
A13: 4 | B13: Delegation chain | C13: Gemini | D13: Delegation chain | E13: Keep | F13: Standard | G13: Standards-native | H13: RFC 8693 OAuth 2.0 Token Exchange | I13: =IF(EXACT(B13,D13),"No","Yes") -> No
... A274: 91 | B274: Money | C274: Gemini | D274: Money | E274: Keep | F274: Internal | G274: Internal but clear | H274: Internal semantics | I274: =IF(EXACT(B274,D274),"No","Yes") -> No

Sheet Summary
A1: Action count by reviewer
A2: Value | B2: ChatGPT | C2: Opus 5 | D2: Gemini
A3: Keep | B3: =COUNTIFS(Long!$C$2:$C$274,"ChatGPT",Long!$E$2:$E$274,$A3) -> 26 | C3: =COUNTIFS(Long!$C$2:$C$274,"Opus 5",Long!$E$2:$E$274,$A3) -> 20 | D3: =COUNTIFS(Long!$C$2:$C$274,"Gemini",Long!$E$2:$E$274,$A3) -> 61
A4: Rename | B4: =COUNTIFS(Long!$C$2:$C$274,"ChatGPT",Long!$E$2:$E$274,$A4) -> 26 | C4: =COUNTIFS(Long!$C$2:$C$274,"Opus 5",Long!$E$2:$E$274,$A4) -> 15 | D4: =COUNTIFS(Long!$C$2:$C$274,"Gemini",Long!$E$2:$E$274,$A4) -> 9
A5: Reclassify | B5: =COUNTIFS(Long!$C$2:$C$274,"ChatGPT",Long!$E$2:$E$274,$A5) -> 38 | C5: =COUNTIFS(Long!$C$2:$C$274,"Opus 5",Long!$E$2:$E$274,$A5) -> 37 | D5: =COUNTIFS(Long!$C$2:$C$274,"Gemini",Long!$E$2:$E$274,$A5) -> 21
A6: Clarify | B6: =COUNTIFS(Long!$C$2:$C$274,"ChatGPT",Long!$E$2:$E$274,$A6) -> 1 | C6: =COUNTIFS(Long!$C$2:$C$274,"Opus 5",Long!$E$2:$E$274,$A6) -> 19 | D6: =COUNTIFS(Long!$C$2:$C$274,"Gemini",Long!$E$2:$E$274,$A6) -> 0
A7: Deprecate | B7: =COUNTIFS(Long!$C$2:$C$274,"ChatGPT",Long!$E$2:$E$274,$A7) -> 0 | C7: =COUNTIFS(Long!$C$2:$C$274,"Opus 5",Long!$E$2:$E$274,$A7) -> 0 | D7: =COUNTIFS(Long!$C$2:$C$274,"Gemini",Long!$E$2:$E$274,$A7) -> 0
A9: Authority count by reviewer
A10: Value | B10: ChatGPT | C10: Opus 5 | D10: Gemini
A11: Standard | B11: =COUNTIFS(Long!$C$2:$C$274,"ChatGPT",Long!$F$2:$F$274,$A11) -> 17 | C11: =COUNTIFS(Long!$C$2:$C$274,"Opus 5",Long!$F$2:$F$274,$A11) -> 21 | D11: =COUNTIFS(Long!$C$2:$C$274,"Gemini",Long!$F$2:$F$274,$A11) -> 25
A12: Standard-derived | B12: =COUNTIFS(Long!$C$2:$C$274,"ChatGPT",Long!$F$2:$F$274,$A12) -> 18 | C12: =COUNTIFS(Long!$C$2:$C$274,"Opus 5",Long!$F$2:$F$274,$A12) -> 13 | D12: =COUNTIFS(Long!$C$2:$C$274,"Gemini",Long!$F$2:$F$274,$A12) -> 23
A13: Industry convention | B13: =COUNTIFS(Long!$C$2:$C$274,"ChatGPT",Long!$F$2:$F$274,$A13) -> 33 | C13: =COUNTIFS(Long!$C$2:$C$274,"Opus 5",Long!$F$2:$F$274,$A13) -> 29 | D13: =COUNTIFS(Long!$C$2:$C$274,"Gemini",Long!$F$2:$F$274,$A13) -> 16
A14: Best practice | B14: =COUNTIFS(Long!$C$2:$C$274,"ChatGPT",Long!$F$2:$F$274,$A14) -> 6 | C14: =COUNTIFS(Long!$C$2:$C$274,"Opus 5",Long!$F$2:$F$274,$A14) -> 4 | D14: =COUNTIFS(Long!$C$2:$C$274,"Gemini",Long!$F$2:$F$274,$A14) -> 15
A15: Emerging practice | B15: =COUNTIFS(Long!$C$2:$C$274,"ChatGPT",Long!$F$2:$F$274,$A15) -> 4 | C15: =COUNTIFS(Long!$C$2:$C$274,"Opus 5",Long!$F$2:$F$274,$A15) -> 6 | D15: =COUNTIFS(Long!$C$2:$C$274,"Gemini",Long!$F$2:$F$274,$A15) -> 2
A16: Internal | B16: =COUNTIFS(Long!$C$2:$C$274,"ChatGPT",Long!$F$2:$F$274,$A16) -> 13 | C16: =COUNTIFS(Long!$C$2:$C$274,"Opus 5",Long!$F$2:$F$274,$A16) -> 18 | D16: =COUNTIFS(Long!$C$2:$C$274,"Gemini",Long!$F$2:$F$274,$A16) -> 10
A18: Term changed count by reviewer
A19: Value | B19: ChatGPT | C19: Opus 5 | D19: Gemini
A20: Yes | B20: =COUNTIFS(Long!$C$2:$C$274,"ChatGPT",Long!$I$2:$I$274,$A20) -> 26 | C20: =COUNTIFS(Long!$C$2:$C$274,"Opus 5",Long!$I$2:$I$274,$A20) -> 15 | D20: =COUNTIFS(Long!$C$2:$C$274,"Gemini",Long!$I$2:$I$274,$A20) -> 9
A21: No | B21: =COUNTIFS(Long!$C$2:$C$274,"ChatGPT",Long!$I$2:$I$274,$A21) -> 65 | C21: =COUNTIFS(Long!$C$2:$C$274,"Opus 5",Long!$I$2:$I$274,$A21) -> 76 | D21: =COUNTIFS(Long!$C$2:$C$274,"Gemini",Long!$I$2:$I$274,$A21) -> 82
A23: Agreement distribution across 91 terms
A24: Field | B24: 3 agree | C24: 2 agree | D24: 1 each
A25: Proposed | B25: =COUNTIF(Wide!$F$2:$F$92,3) -> 61 | C25: =COUNTIF(Wide!$F$2:$F$92,2) -> 23 | D25: =COUNTIF(Wide!$F$2:$F$92,1) -> 7
A26: Action | B26: =COUNTIF(Wide!$K$2:$K$92,3) -> 25 | C26: =COUNTIF(Wide!$K$2:$K$92,2) -> 52 | D26: =COUNTIF(Wide!$K$2:$K$92,1) -> 14
A27: Authority | B27: =COUNTIF(Wide!$P$2:$P$92,3) -> 30 | C27: =COUNTIF(Wide!$P$2:$P$92,2) -> 53 | D27: =COUNTIF(Wide!$P$2:$P$92,1) -> 8
A28: Alignment | B28: =COUNTIF(Wide!$U$2:$U$92,3) -> 20 | C28: =COUNTIF(Wide!$U$2:$U$92,2) -> 43 | D28: =COUNTIF(Wide!$U$2:$U$92,1) -> 28
A30: Outlier count when 2 agree
A31: Field | B31: ChatGPT | C31: Opus 5 | D31: Gemini
A32: Proposed | B32: =COUNTIF(Wide!$G$2:$G$92,"ChatGPT") -> 11 | C32: =COUNTIF(Wide!$G$2:$G$92,"Opus 5") -> 4 | D32: =COUNTIF(Wide!$G$2:$G$92,"Gemini") -> 8
A33: Action | B33: =COUNTIF(Wide!$L$2:$L$92,"ChatGPT") -> 11 | C33: =COUNTIF(Wide!$L$2:$L$92,"Opus 5") -> 14 | D33: =COUNTIF(Wide!$L$2:$L$92,"Gemini") -> 27
A34: Authority | B34: =COUNTIF(Wide!$Q$2:$Q$92,"ChatGPT") -> 15 | C34: =COUNTIF(Wide!$Q$2:$Q$92,"Opus 5") -> 8 | D34: =COUNTIF(Wide!$Q$2:$Q$92,"Gemini") -> 30
A35: Alignment | B35: =COUNTIF(Wide!$V$2:$V$92,"ChatGPT") -> 13 | C35: =COUNTIF(Wide!$V$2:$V$92,"Opus 5") -> 12 | D35: =COUNTIF(Wide!$V$2:$V$92,"Gemini") -> 18

Sheet Flags
A1: Reviewer | B1: Current term | C1: Field | D1: Issue
A2: ChatGPT | B2: All | C2: Format | D2: Link reference list after table; dropped at merge
A3: ChatGPT | B3: All | C3: Evidence | D3: Citation markers inside cells; removed at merge
A4: ChatGPT | B4: Idempotency key | C4: Evidence | D4: Prose in cell; kept as written
A5: ChatGPT | B5: Alert | C5: Evidence | D5: Prose in cell; kept as written
A6: ChatGPT | B6: Rate limit headers | C6: Evidence | D6: Prose in cell; kept as written
A7: ChatGPT | B7: Timestamp | C7: Evidence | D7: Prose in cell; kept as written
A8: ChatGPT | B8: Money | C8: Evidence | D8: Prose in cell; kept as written
A9: Opus 5 | B9: Organisation | C9: Action | D9: Rename paired with Misclassified, which the prompt ties to Reclassify
A10: Opus 5 | B10: Stream | C10: Action | D10: Rename paired with Standards-native
A11: Opus 5 | B11: Task | C11: Authority | D11: Standard-derived for an A2A-defined term; Tool and Session rated Standard
A12: Gemini | B12: Idempotency key | C12: Authority | D12: Standard, but Evidence names an IETF draft
... A17: All | B17: All | C17: Alignment | D17: Rename rows mix current-term and proposed-term judgments
